ID	TRI	textTitle-freetext	Form	status	shelfmark	range_views	Date	Scripta
btv1b52503009d_Ogier-le-Danois_Version-en-alexandrins	Ogier le Danois	Version en alexandrins	verse		Arsenal 2985	15-726	1351-1400
btv1b55013310k_Sept-Sages-de-Rome_Sept-Sages-de-Rome	Sept Sages de Rome	Sept Sages de Rome	prose		Arsenal 2998	7-120	1401-1500
btv1b525104185_Bertrand-du-Guesclin_Bertrand-du-Guesclin	Bertrand du Guesclin	Bertrand du Guesclin	verse		Arsenal 3141	11-696	1401-1420
btv1b55003999w_Cleomadés_Cleomadés	Cleomadés	Cleomadés			Arsenal 3142	13-155	1281-1300
btv1b55003999w_Berte-aus-grans-piés_Berte-aus-grans-piés	Berte aus grans piés	Berte aus grans piés	verse		Arsenal 3142	252-292	1281-1300
btv1b55003999w_Beuve-de-Commarchis_Beuve-de-Commarchis	Beuve de Commarchis	Beuve de Commarchis	verse		Arsenal 3142	369-414	1281-1300
btv1b55003999w_Saisnes_Saisnes	Saisnes	Saisnes	verse		Arsenal 3142	469-518	1281-1300
btv1b55003999w_enfances-Ogier_enfances-Ogier	enfances Ogier	enfances Ogier	verse		Arsenal 3142	157-250	1281-1300
btv1b7100011x_Meliadus_Meliadus	Meliadus	Meliadus	mixed		Arsenal 3325	23-115	1251-1300
btv1b7100011x_Guiron-le-courtois_Guiron-le-courtois-Suite-Guiron	Guiron le courtois	Guiron le courtois / Suite Guiron			Arsenal 3325	117-497	1251-1300
btv1b10467114m_roman-de-Troie_roman-de-Troie	roman de Troie	roman de Troie			Arsenal 3340	7-384	1237
btv1b52503762d_Garin-le-Loherain_Version-en-prose	Garin le Loherain	Version en prose	prose		Arsenal 3346	9-161	1467-1500
btv1b550005068_Lancelot-en-prose_Lancelot-en-prose	Lancelot en prose	Lancelot en prose	prose		Arsenal 3347	8-433	1201-1300
btv1b550005068_queste-del-saint-Graal_queste-del-saint-Graal	queste del saint Graal	queste del saint Graal			Arsenal 3347	434-592	1201-1300
btv1b550005068_Mort-Artu--Post-Vulgate-_Mort-Artu-Post-Vulgate-	Mort Artu (Post-Vulgate)	Mort Artu (Post-Vulgate)			Arsenal 3347	594-705	1201-1300
btv1b104671135_L-Estoire-del-Saint-Graal_L-Estoire-del-Saint-Graal	L’Estoire del Saint Graal	L’Estoire del Saint Graal	prose		Arsenal 3348	9-249	1301-1400
btv1b52505340v_L-Estoire-del-Saint-Graal_L-Estoire-del-Saint-Graal	L’Estoire del Saint Graal	L’Estoire del Saint Graal	prose		Arsenal 3349	9-562	1462-1472
btv1b10467112q_queste-del-saint-Graal_queste-del-saint-Graal	queste del saint Graal	queste del saint Graal	prose		Arsenal 3350	306-335	1451-1500
btv1b10467112q_Mort-Artu--Post-Vulgate-_Mort-Artu-Post-Vulgate-	Mort Artu (Post-Vulgate)	Mort Artu (Post-Vulgate)			Arsenal 3350	336-354	1451-1500
btv1b10467112q_L-Estoire-del-Saint-Graal_L-Estoire-del-Saint-Graal	L’Estoire del Saint Graal	L’Estoire del Saint Graal	prose		Arsenal 3350	20-62	1451-1500
btv1b10467112q_Merlin_Merlin-en-prose	Merlin	Merlin en prose	prose		Arsenal 3350	62-88	1451-1500
btv1b10467112q_Merlin_Suite-Vulgate-du-Merlin	Merlin	Suite-Vulgate du Merlin	prose		Arsenal 3350	88-137	1451-1500
btv1b10467112q_Lancelot-en-prose_Lancelot-en-prose	Lancelot en prose	Lancelot en prose	prose		Arsenal 3350	137-306	1451-1500
btv1b52514362j_Garin-de-Monglane_Version-en-prose-1	Garin de Monglane	Version en prose 1	prose		Arsenal 3351	7-764	1481-1500
btv1b550081732_Melusine-ou-la-noble-histoire-de-Lusignan_Melusine-ou-la-noble-histoire-de-Lusignan	Melusine ou la noble histoire de Lusignan	Melusine ou la noble histoire de Lusignan			Arsenal 3353	5-335	1401-1425
btv1b10468710f_Marques-de-Rome_Marques-de-Rome	Marques de Rome	Marques de Rome			Arsenal 3355	5-114	1283-1287
btv1b10468710f_Histoire-de-Jules-Cesar_Jean-de-Thuin-Histoire-de-Jules-Cesar	Histoire de Jules Cesar	Jean de Thuin, Histoire de Jules Cesar			Arsenal 3355	415-530	1283-1287
btv1b10468710f_roman-de-Laurin_roman-de-Laurin	roman de Laurin	roman de Laurin			Arsenal 3355	115-414	1283-1287
btv1b7100331q_Guiron-le-courtois_Guiron-le-courtois	Guiron le courtois	Guiron le courtois			Arsenal 3477	7-542	1401-1420
btv1b550005011_Guiron-le-courtois_Guiron-le-courtois	Guiron le courtois	Guiron le courtois			Arsenal 3478	7-796	1401-1420
btv1b55001676w_Conte-de-la-Charrette_Conte-de-la-Charrette	Conte de la Charrette	Conte de la Charrette			Arsenal 3480	60-108	1405
btv1b55000507q_Bestiaire_Bestiaire	Bestiaire	Bestiaire			Arsenal 3516	402-430	1267-1268 
btv1b55000507q_Sept-Sages-de-Rome_Sept-Sages-de-Rome	Sept Sages de Rome	Sept Sages de Rome	prose		Arsenal 3516	552-573	1267-1268 
btv1b55000507q_Cristal-et-Clarie_Cristal-et-Clarie	Cristal et Clarie	Cristal et Clarie			Arsenal 3516	644-690	1267-1268 
btv1b55000507q_Reinbert_Reinbert	Reinbert	Reinbert			Arsenal 3516	705-720	1267-1268 
btv1b55000507q_venjance-Nostre-Seigneur_venjance-Nostre-Seigneur	venjance Nostre Seigneur	venjance Nostre Seigneur	verse		Arsenal 3516	157-172	1267-1268 
btv1b8426778v_Renaut-de-Montauban_Renaut-de-Montauban	Renaut de Montauban	Renaut de Montauban			Arsenal 5072	11-799	1462
btv1b550071656_Renaut-de-Montauban_Renaut-de-Montauban	Renaut de Montauban	Renaut de Montauban			Arsenal 5073	9-724	1462
btv1b55006679z_Renaut-de-Montauban_Renaut-de-Montauban	Renaut de Montauban	Renaut de Montauban			Arsenal 5074	7-714	1462
btv1b55006678h_Renaut-de-Montauban_Renaut-de-Montauban	Renaut de Montauban	Renaut de Montauban			Arsenal 5075	7-692	1462
btv1b550101223_venjance-Nostre-Seigneur_venjance-Nostre-Seigneur	venjance Nostre Seigneur	venjance Nostre Seigneur	verse		Arsenal 5201	149-171	1300
btv1b550101223_Floris-et-Lyriopé_Floris-et-Lyriopé	Floris et Lyriopé	Floris et Lyriopé			Arsenal 5201	49-73	1300
btv1b52509007k_Bataille-Loquifer_Bataille-Loquifer	Bataille Loquifer	Bataille Loquifer	verse		Arsenal 6562	260-358	1225
btv1b52509007k_moniage-Rainouart_moniage-Rainouart	moniage Rainouart	moniage Rainouart	verse		Arsenal 6562	359-547	1225
btv1b52509007k_Aliscans_Aliscans	Aliscans	Aliscans	verse		Arsenal 6562	23-260	1225
btv1b52509007k_moniage-Guillaume_Version-courte-en-vers-I-	moniage Guillaume	Version courte en vers (I)	verse		Arsenal 6562	549-580	1225
btv1b52513074c_L-Escoufle_L-Escoufle	L'Escoufle	L'Escoufle			Arsenal 6565	13-164	1276-1300
btv1b52513074c_Guillaume-de-Palerne_Guillaume-de-Palerne-en-vers	Guillaume de Palerne	Guillaume de Palerne en vers	verse		Arsenal 6565	165-325	1276-1300
btv1b10029507d_Tristan_Tristan-en-prose	Tristan	Tristan en prose	prose		français 100	7-834	1401-1425
btv1b9059120k_Tristan_Tristan-en-prose	Tristan	Tristan en prose	prose		français 102	2-280	1465-1480
btv1b90598289_Tristan_Tristan-en-prose	Tristan	Tristan en prose	prose		français 103	2-389	1470
btv1b90588354_Tristan_Tristan-en-prose	Tristan	Tristan en prose	prose		français 104	4-693	1201-1300
btv1b90591425_L-Estoire-del-Saint-Graal_L-Estoire-del-Saint-Graal	L’Estoire del Saint Graal	L’Estoire del Saint Graal	prose		français 105	3-127	1315-1335
btv1b107231677_L-Estoire-del-Saint-Graal_L-Estoire-del-Saint-Graal	L’Estoire del Saint Graal	L’Estoire del Saint Graal	prose		français 110	386-431	1295-1300
btv1b10084206z_Guiron-le-courtois_Guiron-le-courtois	Guiron le courtois	Guiron le courtois			français 112	21-27	1470
btv1b60000903_L-Estoire-del-Saint-Graal_L-Estoire-del-Saint-Graal	L’Estoire del Saint Graal	L’Estoire del Saint Graal	prose		français 113	11-242	1481-1500
btv1b8492079j_L-Estoire-del-Saint-Graal_L-Estoire-del-Saint-Graal	L’Estoire del Saint Graal	L’Estoire del Saint Graal	prose		français 117	11-110	1400-1410
btv1b84920784_Conte-de-la-Charrette_Conte-de-la-Charrette	Conte de la Charrette	Conte de la Charrette			français 119	13-60	1400
btv1b10533299h_Conte-de-la-Charrette_Conte-de-la-Charrette	Conte de la Charrette	Conte de la Charrette			français 122	11-56	1345
btv1b9006877g_enfances-Ogier_enfances-Ogier	enfances Ogier	enfances Ogier	verse		français 12467	4-97	1281-1300
btv1b9006877g_Berte-aus-grans-piés_Berte-aus-grans-piés	Berte aus grans piés	Berte aus grans piés	verse		français 12467	165-207	1281-1300
btv1b90583481_Chanson-de-saint-Alexis_Chanson-de-saint-Alexis	Chanson de saint Alexis	Chanson de saint Alexis	verse		français 12471	59-81	1301-1305
btv1b90617013_Ami-et-Amile--Version-en-alexandrins-_Ami-et-Amile-Version-en-alexandrins-	Ami et Amile (Version en alexandrins)	Ami et Amile (Version en alexandrins)			français 12547	3-165	1446-1455
btv1b9061047p_Anseïs-de-Carthage_Anseïs-de-Carthage	Anseïs de Carthage	Anseïs de Carthage			français 12548	4-84	1201-1300
btv1b9061047p_Beuve-de-Hantone_Version-continentale-II	Beuve de Hantone	Version continentale II	verse		français 12548	84-216	1201-1300
btv1b90632292_Bastard-de-Bouillon_Bastard-de-Bouillon	Bastard de Bouillon	Bastard de Bouillon	verse		français 12552	139-174	1346-1355
btv1b90632292_Baudouin-de-Sebourc_Baudouin-de-Sebourc	Baudouin de Sebourc	Baudouin de Sebourc	verse		français 12552	2-139	1346-1355
btv1b90609640_Baudouin-de-Sebourc_Baudouin-de-Sebourc	Baudouin de Sebourc	Baudouin de Sebourc	verse		français 12553	3-385	1440-1450
btv1b90615215_Beuve-de-Hantone_Version-en-prose	Beuve de Hantone	Version en prose	prose		français 12554	5-365	1455-1465
btv1b9060811h_Conqueste-de-Jerusalem_Conqueste-de-Jerusalem	Conqueste de Jerusalem	Conqueste de Jerusalem	verse		français 12558	284-402	1301-1400
btv1b9060811h_Chevalier-au-cygne_Première-version-en-vers	Chevalier au cygne	Première version en vers	verse		français 12558	6-120	1301-1400
btv1b9060811h_chanson-d-Antioche_Version-du-XIIe-siècle	chanson d'Antioche	Version du XIIe siècle	verse		français 12558	123-284	1301-1400
btv1b104650798_Dame-à-la-licorne-et-beau-chevalier-au-lion_Roman-de-la-dame-à-la-licorne-et-du-beau-chevalier-au-lion	Dame à la licorne et beau chevalier au lion	Roman de la dame à la licorne et du beau chevalier au lion			français 12562	7-141	1349-1350
btv1b104650798_Floire-et-Blancheflor-_Version-I-dite-aristocratique	Floire et Blancheflor 	Version I dite aristocratique			français 12562	143-184	1401-1500
btv1b9061633q_Doon-de-Mayence_Doon-de-Mayence	Doon de Mayence	Doon de Mayence	verse		français 12563	3-134	1463
btv1b9060960b_Florent-et-Octavien_Version-en-alexandrins	Florent et Octavien	Version en alexandrins	verse		français 12564	3-257	1462
btv1b9009541r_roman-d-Alexandre_roman-d-Alexandre	roman d'Alexandre	roman d'Alexandre			français 12567	4-211	1301-1320
btv1b10033665m_Conqueste-de-Jerusalem_Conqueste-de-Jerusalem	Conqueste de Jerusalem	Conqueste de Jerusalem	verse		français 12569	325-440	1251-1275
btv1b10033665m_Chevalier-au-cygne_Première-version-en-vers	Chevalier au cygne	Première version en vers	verse		français 12569	5-176	1251-1275
btv1b10033665m_chretienté-Corbaran_chretienté-Corbaran	chretienté Corbaran	chretienté Corbaran	verse		français 12569	440-451	1251-1275
btv1b10033665m_chétifs_chétifs	chétifs	chétifs	verse		français 12569	452-538	1251-1275
btv1b10033665m_chanson-d-Antioche_Version-du-XIIe-siècle	chanson d'Antioche	Version du XIIe siècle	verse		français 12569	177-325	1251-1275
btv1b10525469d_Melusine_Melusine	Melusine	Melusine			français 12575	15-270	1420-1430
btv1b90633050_Ponthus-et-Sidoine_Ponthus-et-Sidoine	Ponthus et Sidoine	Ponthus et Sidoine			français 12579	4-138	1401-1500
btv1b107213177_L-Estoire-del-Saint-Graal_L-Estoire-del-Saint-Graal	L’Estoire del Saint Graal	L’Estoire del Saint Graal	prose		français 12582	5-85	1251-1300
btv1b60004128_Tristan_Tristan-en-prose	Tristan	Tristan en prose	prose		français 12599	220-448, 1007-1028	1276-1300
btv1b9060922n_Du-chevalier-as-deus-espees_Du-chevalier-as-deus-espees	Du chevalier as deus espees	Du chevalier as deus espees			français 12603	3-76	1301-1320
btv1b9060922n_Roman-d-Énéas_Roman-d-Énéas	Roman d’Énéas	Roman d’Énéas	verse		français 12603	118-162	1301-1320
btv1b9060922n_enfances-Ogier_enfances-Ogier	enfances Ogier	enfances Ogier	verse		français 12603	163-210	1301-1320
btv1b9060922n_Fierabras_Fierabras	Fierabras	Fierabras	verse		français 12603	210-246	1301-1320
btv1b9060922n_Lai-de-l-Ombre_Lai-de-l-Ombre	Lai de l’Ombre	Lai de l’Ombre	verse		français 12603	258-263	1301-1320
btv1b9060922n_Yvain-ou-le-Chevalier-au-lion_Yvain-ou-le-Chevalier-au-lion	Yvain ou le Chevalier au lion	Yvain ou le Chevalier au lion			français 12603	77-117	1301-1320
btv1b60003511_roman-de-la-poire_roman-de-la-poire	roman de la poire	roman de la poire			français 12786	9-56	1281-1320
btv1b90588940_Ovide-moralisé-en-prose--2nde-version-_Ovide-moralisé-en-prose-2nde-version-	Ovide moralisé en prose (2nde version)	Ovide moralisé en prose (2nde version)	prose		français 137	9-245	1401-1500
btv1b52511599n_Roman-de-la-violette_Roman-de-la-violette	Roman de la violette	Roman de la violette	verse		français 1374	273-352, 375	1201-1250
btv1b52511599n_Florimont_Florimont	Florimont	Florimont			français 1374	353-374	1201-1250
btv1b52511599n_Parise-la-Duchesse_Parise-la-Duchesse	Parise la Duchesse	Parise la Duchesse	verse		français 1374	9-49	1201-1250
btv1b52511599n_Cligés_Cligés	Cligés	Cligés	verse		français 1374	50-136	1201-1250
btv1b52511599n_venjance-Nostre-Seigneur_venjance-Nostre-Seigneur	venjance Nostre Seigneur	venjance Nostre Seigneur	verse		français 1374	157-188	1201-1250
btv1b52511599n_Girart-de-Vienne_Girart-de-Vienne	Girart de Vienne	Girart de Vienne	verse		français 1374	189-272	1201-1250
btv1b9059827w_Roman-d-Énéas_Roman-d-Énéas	Roman d’Énéas	Roman d’Énéas	verse		français 1416	2-64	1292
btv1b84478730_Sept-Sages-de-Rome_Sept-Sages-de-Rome	Sept Sages de Rome	Sept Sages de Rome	prose		français 1421	7-56	1276-1300
btv1b84478730_Marques-de-Rome_Marques-de-Rome	Marques de Rome	Marques de Rome			français 1421	56-197	1276-1300
btv1b9059660t_L-Estoire-del-Saint-Graal_L-Estoire-del-Saint-Graal	L’Estoire del Saint Graal	L’Estoire del Saint Graal	prose		français 1426	4-382	1466
btv1b90069238_Tristan_Tristan-en-prose	Tristan	Tristan en prose	prose		français 1434	3-160	1251-1300
btv1b10515441p_Gerbert-de-Metz_Gerbert-de-Metz	Gerbert de Metz	Gerbert de Metz	verse		français 1442	296-523	1276-1300
btv1b10515441p_Garin-le-Loherain_Version-en-décasyllabes	Garin le Loherain	Version en décasyllabes	verse		français 1442	3-296	1276-1300
btv1b9058889p_Gerbert-de-Metz_Gerbert-de-Metz	Gerbert de Metz	Gerbert de Metz	verse		français 1443	113-196	1201-1300
btv1b9058889p_Garin-le-Loherain_Version-en-décasyllabes	Garin le Loherain	Version en décasyllabes	verse		français 1443	2-113	1201-1300
btv1b90590400_Eracle_Eracle	Eracle	Eracle			français 1444	129-156	1281-1300
btv1b90590400_Sept-Sages-de-Rome_Sept-Sages-de-Rome	Sept Sages de Rome	Sept Sages de Rome	prose		français 1444	268-292	1281-1300
btv1b90590400_Marques-de-Rome_Marques-de-Rome	Marques de Rome	Marques de Rome			français 1444	292-313	1281-1300
btv1b90590400_roman-de-Laurin_roman-de-Laurin	roman de Laurin	roman de Laurin			français 1444	313-332	1281-1300
btv1b10509655q_Floire-et-Blancheflor--Version-I-dite-aristocratique-_	Floire et Blancheflor (Version I dite aristocratique)				français 1447	11-50	1285-1295
btv1b10509655q_Berte-aus-grans-piés_Berte-aus-grans-piés	Berte aus grans piés	Berte aus grans piés	verse		français 1447	51-142	1285-1295
btv1b10509655q_roumanz-de-Claris-et-Laris_roumanz-de-Claris-et-Laris	roumanz de Claris et Laris	roumanz de Claris et Laris			français 1447	143-524	1285-1295
btv1b9058891r_prise-d-Orange_prise-d-Orange	prise d'Orange	prise d'Orange	verse		français 1448	105-114	1241-1260
btv1b9058891r_Siege-de-Barbastre_Siege-de-Barbastre	Siege de Barbastre	Siege de Barbastre	verse		français 1448	120-170	1241-1260
btv1b9058891r_prise-de-Cordres-et-de-Sebille_prise-de-Cordres-et-de-Sebille	prise de Cordres et de Sebille	prise de Cordres et de Sebille	verse		français 1448	171-189	1241-1260
btv1b9058891r_enfances-Vivien_enfances-Vivien	enfances Vivien	enfances Vivien	verse		français 1448	190-211	1241-1260
btv1b9058891r_Girart-de-Vienne_Girart-de-Vienne	Girart de Vienne	Girart de Vienne	verse		français 1448	5-46	1241-1260
btv1b9058891r_chevalerie-Vivien_chevalerie-Vivien	chevalerie Vivien	chevalerie Vivien	verse		français 1448	211-223	1241-1260
btv1b9058891r_Aliscans_Aliscans	Aliscans	Aliscans	verse		français 1448	223-279	1241-1260
btv1b9058891r_Bataille-Loquifer_Bataille-Loquifer	Bataille Loquifer	Bataille Loquifer	verse		français 1448	279-305	1241-1260
btv1b9058891r_moniage-Rainouart_moniage-Rainouart	moniage Rainouart	moniage Rainouart	verse		français 1448	305	1241-1260
btv1b9058891r_Aimeri-de-Narbonne_	Aimeri de Narbonne		verse		français 1448	46	1241-1260
btv1b9058891r_enfances-Guillaume_enfances-Guillaume	enfances Guillaume	enfances Guillaume	verse		français 1448	74-94	1241-1260
btv1b9058891r_couronnement-de-Louis_couronnement-de-Louis	couronnement de Louis	couronnement de Louis	verse		français 1448	94-96	1241-1260
btv1b9058891r_charroi-de-Nimes_charroi-de-Nimes	charroi de Nimes	charroi de Nimes	verse		français 1448	96-105	1241-1260
btv1b90598964_Bataille-Loquifer_Bataille-Loquifer	Bataille Loquifer	Bataille Loquifer	verse		français 1449	160-178	1241-1260
btv1b90598964_enfances-Guillaume_enfances-Guillaume	enfances Guillaume	enfances Guillaume	verse		français 1449	5-27	1241-1260
btv1b90598964_couronnement-de-Louis_couronnement-de-Louis	couronnement de Louis	couronnement de Louis	verse		français 1449	27-46	1241-1260
btv1b90598964_charroi-de-Nimes_charroi-de-Nimes	charroi de Nimes	charroi de Nimes	verse		français 1449	47-56	1241-1260
btv1b90598964_prise-d-Orange_prise-d-Orange	prise d'Orange	prise d'Orange	verse		français 1449	56-67	1241-1260
btv1b90598964_enfances-Vivien_enfances-Vivien	enfances Vivien	enfances Vivien	verse		français 1449	68-91	1241-1260
btv1b90598964_chevalerie-Vivien_chevalerie-Vivien	chevalerie Vivien	chevalerie Vivien	verse		français 1449	92-103	1241-1260
btv1b90598964_Aliscans_Aliscans	Aliscans	Aliscans	verse		français 1449	104-161	1241-1260
btv1b90598964_moniage-Rainouart_moniage-Rainouart	moniage Rainouart	moniage Rainouart	verse		français 1449	104-161	1241-1260
btv1b8415202d_Erec-et-Enide_Erec-et-Enide	Erec et Enide	Erec et Enide			français 1450	289-326	1231-1250
btv1b8415202d_Perceval-ou-le-conte-du-Graal_Perceval-ou-le-conte-du-Graal	Perceval ou le conte du Graal	Perceval ou le conte du Graal			français 1450	326-378	1231-1250
btv1b8415202d_Première-continuation-du-Conte-du-Graal_Première-continuation-du-Conte-du-Graal	Première continuation du Conte du Graal	Première continuation du Conte du Graal			français 1450	378-386	1231-1250
btv1b8415202d_Cligés_Cligés	Cligés	Cligés			français 1450	386-424	1231-1250
btv1b8415202d_roman-de-Troie_roman-de-Troie	roman de Troie	roman de Troie			français 1450	11-175	1231-1250
btv1b8415202d_Yvain-ou-le-Chevalier-au-lion_Yvain-ou-le-Chevalier-au-lion	Yvain ou le Chevalier au lion	Yvain ou le Chevalier au lion			français 1450	424-447	1231-1250
btv1b8415202d_Lancelot-ou-le-Chevalier-de-la-charrette_Lancelot-ou-le-Chevalier-de-la-charrette	Lancelot ou le Chevalier de la charrette	Lancelot ou le Chevalier de la charrette			français 1450	447-455	1231-1250
btv1b8415202d_Sept-Sages-de-Rome_Dolopathos	Sept Sages de Rome	Dolopathos			français 1450	481-534	1231-1250
btv1b8415202d_Roman-d-Énéas_Roman-d-Énéas	Roman d’Énéas	Roman d’Énéas	verse		français 1450	175-234	1231-1250
btv1b90596595_Yde-et-Olive_Yde-et-Olive	Yde et Olive	Yde et Olive	verse		français 1451	226-227	1401-1500
btv1b8454675g_romans-de-Fauvel_romans-de-Fauvel	romans de Fauvel	romans de Fauvel	verse		français 146	13-108	1301-1325
btv1b9058887v_enfances-Garin-de-Monglane_enfances-Garin-de-Monglane	enfances Garin de Monglane	enfances Garin de Monglane	verse		français 1460	2-96	1441-1460
btv1b9058887v_Garin-de-Monglane_Version-en-vers	Garin de Monglane	Version en vers			français 1460	96-269	1441-1460
btv1b9058847b_Gerbert-de-Metz_Gerbert-de-Metz	Gerbert de Metz	Gerbert de Metz	verse		français 1461	115-116, 118-119	1201-1300
btv1b9058847b_Garin-le-Loherain_Version-en-décasyllabes	Garin le Loherain	Version en décasyllabes	verse		français 1461	3-115	1201-1300
btv1b90593453_Galien-le-restoré_Version-en-prose-1	Galien le restoré	Version en prose 1	prose		français 1470	2-235	1446-1455
btv1b9059344p_enfances-Ogier_enfances-Ogier	enfances Ogier	enfances Ogier	verse		français 1471	3-166	1276-1300
btv1b9009485k_Gui-de-Warwick_Version-en-prose	Gui de Warwick	Version en prose	prose		français 1476	3-89	1401-1500
btv1b90073668_Beuve-de-Hantone_Version-en-prose	Beuve de Hantone	Version en prose	prose		français 1477	4-238	1401-1500
btv1b90589112_Tristan-de-Nanteuil_Tristan-de-Nanteuil	Tristan de Nanteuil	Tristan de Nanteuil	verse		français 1478	2-337	1401-1500
btv1b10720619x_Belle-Hélène-de-Constantinople_Version-anonyme-en-prose	Belle Hélène de Constantinople	Version anonyme en prose	prose		français 1489	6-62	1451-1500
btv1b9058093t_Cleriadus-et-Meliadice_Cleriadus-et-Meliadice	Cleriadus et Meliadice	Cleriadus et Meliadice			français 1494	2-115	1435-1500
btv1b90580947_Cleriadus-et-Meliadice_Cleriadus-et-Meliadice	Cleriadus et Meliadice	Cleriadus et Meliadice			français 1495	2-193	1435-1500
btv1b90600941_Aimeri-de-Narbonne_prose-Guillaume-d-Orange-1401-1500	Aimeri de Narbonne	prose: Guillaume d'Orange, 1401-1500	prose	translation or rewriting	français 1497	4-35	1461-1470
btv1b90613662_Lai-de-l-Ombre_Lai-de-l-Ombre	Lai de l’Ombre	Lai de l’Ombre	verse		français 14971	51-59	1301-1400
btv1b9059209w_Fierabras_Fierabras	Fierabras	Fierabras	verse		français 1499	2-109	1461-1470
btv1b52502912r_Theseus-de-Cologne_Version-abrégée-en-prose	Theseus de Cologne	Version abrégée en prose	prose		français 15096	5-162	1401-1500
btv1b9061349j_Gaydon_Gaydon	Gaydon	Gaydon	verse		français 15102	2-163	1201-1250
btv1b10721207f_Girart-de-Roussillon_Version-en-alexandrins	Girart de Roussillon	Version en alexandrins	verse		français 15103	7-153	1401-1500
btv1b9062000k_Chanson-de-saint-Alexis_Chanson-de-saint-Alexis	Chanson de saint Alexis	Chanson de saint Alexis			français 15217	14-25	1451-1500
btv1b8454669r_Récit-apocryphe-de-la-formation-d-Adam_Récit-apocryphe-de-la-formation-d-Adam	Récit apocryphe de la formation d'Adam	Récit apocryphe de la formation d'Adam	prose		français 1553	576-578	1284
btv1b8454669r_Sept-Sages-de-Rome_Sept-Sages-de-Rome	Sept Sages de Rome	Sept Sages de Rome	verse		français 1553	680-738	1284
btv1b8454669r_venjance-Nostre-Seigneur_venjance-Nostre-Seigneur	venjance Nostre Seigneur	venjance Nostre Seigneur	verse		français 1553	761-790	1284
btv1b8454669r_Chanson-de-saint-Alexis_Chanson-de-saint-Alexis	Chanson de saint Alexis	Chanson de saint Alexis			français 1553	790-805	1284
btv1b8454669r_Lai-de-l-Ombre_Lai-de-l-Ombre	Lai de l’Ombre	Lai de l’Ombre	verse		français 1553	990-999	1284
btv1b9059208g_Chanson-de-saint-Alexis_Chanson-de-saint-Alexis	Chanson de saint Alexis	Chanson de saint Alexis			français 1555	115-126	1401-1420
btv1b9058801b_Gerbert-de-Metz_Gerbert-de-Metz	Gerbert de Metz	Gerbert de Metz	verse		français 1582	122-185	1226-1250
btv1b9058801b_Garin-le-Loherain_Version-en-décasyllabes	Garin le Loherain	Version en décasyllabes	verse		français 1582	6-122	1226-1250
btv1b10720646t_Ogier-le-Danois_Version-française-en-décasyllabes	Ogier le Danois	Version française en décasyllabes	verse		français 1583	5-498	1401-1500
btv1b6000803p_Lai-de-l-Ombre_Lai-de-l-Ombre	Lai de l’Ombre	Lai de l’Ombre	verse		français 1593	329-340	1251-1300
btv1b8468308j_Aspremont_Aspremont	Aspremont	Aspremont			français 1598	5-110	1301-1400
btv1b9060717n_chétifs_chétifs	chétifs	chétifs			français 1621	131-156	1246-1255
btv1b9060717n_Conqueste-de-Jerusalem_Conqueste-de-Jerusalem	Conqueste de Jerusalem	Conqueste de Jerusalem	verse		français 1621	156-211	1246-1255
btv1b9060717n_Chevalier-au-cygne_Première-version-en-vers	Chevalier au cygne	Première version en vers	verse		français 1621	3-72	1246-1255
btv1b9060717n_chanson-d-Antioche_Version-du-XIIe-siècle	chanson d'Antioche	Version du XIIe siècle	verse		français 1621	72-131	1246-1255
btv1b9059067n_Gerbert-de-Metz_Gerbert-de-Metz	Gerbert de Metz	Gerbert de Metz	verse		français 1622	131-262	1251-1275
btv1b9059067n_Yon-ou-la-Vengeance-Fromondin_Yon-ou-la-Vengeance-Fromondin	Yon ou la Vengeance Fromondin	Yon ou la Vengeance Fromondin	verse		français 1622	262-318	1251-1275
btv1b9059067n_Garin-le-Loherain_Version-en-décasyllabes	Garin le Loherain	Version en décasyllabes	verse		français 1622	3-131	1251-1275
btv1b9058848r_Tristan_Tristan-en-prose	Tristan	Tristan en prose	prose		français 1628	3-279	1251-1300
btv1b90593186_Doon-de-Mayence_Doon-de-Mayence	Doon de Mayence	Doon de Mayence	verse		français 1637	2-52	1401-1500
btv1b90593186_Ciperis-de-Vignevaux_Première-version-en-alexandrins	Ciperis de Vignevaux	Première version en alexandrins	verse		français 1637	53-146	1401-1500
btv1b90588532_Chanson-de-saint-Alexis_Chanson-de-saint-Alexis	Chanson de saint Alexis	Chanson de saint Alexis			français 1661	76-88	1463-1467
btv1b9059692s_Gui-de-Warwick_Version-en-vers	Gui de Warwick	Version en vers	verse		français 1669	5-65	1201-1300
btv1b9060530t_Chanson-de-saint-Alexis_Chanson-de-saint-Alexis	Chanson de saint Alexis	Chanson de saint Alexis			français 1881	98-131	1476-1600
btv1b9058133w_Sept-Sages-de-Rome_Sept-Sages-de-Rome	Sept Sages de Rome	Sept Sages de Rome	prose		français 189	321-362	1401-1500
btv1b52513419n_Partonopeus-de-Blois_Partonopeus-de-Blois	Partonopeus de Blois	Partonopeus de Blois			français 19152	255-356	1301-1320
btv1b52513419n_Blancandin-et-l-Orgueilleuse-d-Amour_Blancandin-et-l-Orgueilleuse-d-Amour	Blancandin et l’Orgueilleuse d'Amour	Blancandin et l’Orgueilleuse d'Amour	verse		français 19152	357-393	1301-1320
btv1b52513419n_Floire-et-Blancheflor-_Version-II-dite-populaire	Floire et Blancheflor 	Version II dite populaire			français 19152	393-418	1301-1320
btv1b52513419n_Audigier_Audigier	Audigier	Audigier	verse		français 19152	138-146	1301-1320
btv1b52513419n_Lai-de-l-Ombre_Lai-de-l-Ombre	Lai de l’Ombre	Lai de l’Ombre	verse		français 19152	178-185	1301-1320
btv1b9062189p_Gerbert-de-Metz_Gerbert-de-Metz	Gerbert de Metz	Gerbert de Metz	verse		français 19160	141-356	1201-1300
btv1b9062189p_Hervis-de-Metz_Hervis-de-Metz	Hervis de Metz	Hervis de Metz	verse		français 19160	3-91	1201-1300
btv1b9062189p_Garin-le-Loherain_Version-en-décasyllabes	Garin le Loherain	Version en décasyllabes	verse		français 19160	92-103	1201-1300
btv1b90621888_Garin-le-Loherain_Version-en-décasyllabes	Garin le Loherain	Version en décasyllabes	verse		français 19161	4-147	1301-1400
btv1b52505676x_L-Estoire-del-Saint-Graal_L-Estoire-del-Saint-Graal	L’Estoire del Saint Graal	L’Estoire del Saint Graal	prose		français 19162	12-298	1281-1290
btv1b90633265_Sept-Sages-de-Rome_Sept-Sages-de-Rome	Sept Sages de Rome	Sept Sages de Rome	prose		français 19166	3-33	1280
btv1b90635100_Belle-Hélène-de-Constantinople_Version-anonyme-en-prose	Belle Hélène de Constantinople	Version anonyme en prose	prose		français 19167	13-118	1467-1500
btv1b9062154g_Chanson-de-saint-Alexis_Chanson-de-saint-Alexis	Chanson de saint Alexis	Chanson de saint Alexis	verse		français 19525	29-33	1281-1300
btv1b9058097g_venjance-Nostre-Seigneur_venjance-Nostre-Seigneur	venjance Nostre Seigneur	venjance Nostre Seigneur	verse		français 20039	134-176	1281-1300
btv1b53196526r_Sept-Sages-de-Rome_Sept-Sages-de-Rome	Sept Sages de Rome	Sept Sages de Rome	prose		français 20040	255-284	1201-1300
btv1b9059570v_Sept-Sages-de-Rome_Sept-Sages-de-Rome	Sept Sages de Rome	Sept Sages de Rome	prose		français 2137	2-49	1278-1300
btv1b9059015x_chevalier-du-papegau_chevalier-du-papegau	chevalier du papegau	chevalier du papegau			français 2154	4-78	1401-1450
btv1b90069809_Chanson-de-saint-Alexis_Chanson-de-saint-Alexis	Chanson de saint Alexis	Chanson de saint Alexis			français 2162	133-142	1201-1300
btv1b9058947p_L-atre-perilleux_L-atre-perilleux	L'atre perilleux	L'atre perilleux			français 2168	3-49	1281-1300
btv1b9059916f_Brun-de-la-Montagne_Brun-de-la-Montagne	Brun de la Montagne	Brun de la Montagne	verse		français 2170	5-88	1351-1400
btv1b9059916f_Aye-d-Avignon_Aye-d-Avignon	Aye d'Avignon	Aye d'Avignon	verse		français 2170	88-154	1351-1400
btv1b9058927x_Garin-le-Loherain_Version-en-décasyllabes	Garin le Loherain	Version en décasyllabes	verse		français 2179	3-75	1201-1300
btv1b9058927x_Gerbert-de-Metz_Gerbert-de-Metz	Gerbert de Metz	Gerbert de Metz	verse		français 2179	75-125	1201-1300
btv1b9058278t_Girart-de-Roussillon_Version-en-décasyllabes	Girart de Roussillon	Version en décasyllabes	verse		français 2180	11-150	1251-1300
btv1b9058992h_Aiquin_Aiquin	Aiquin	Aiquin	verse	fragment	français 2233	3-61	1401-1500
btv1b52513529f_Marques-de-Rome_Marques-de-Rome	Marques de Rome	Marques de Rome			français 22548	35-117	1281-1320
btv1b52513529f_Cassidorus_Cassidorus	Cassidorus	Cassidorus			français 22548	349-418	1281-1320
btv1b52513529f_Sept-Sages-de-Rome_Sept-Sages-de-Rome	Sept Sages de Rome	Sept Sages de Rome	prose		français 22548	7-34	1281-1320
btv1b52513529f_roman-de-Laurin_roman-de-Laurin	roman de Laurin	roman de Laurin			français 22548	117-349	1281-1320
btv1b52513516p_Pelyarmenus_Pelyarmenus	Pelyarmenus	Pelyarmenus			français 22549	267-483	1281-1320
btv1b52513516p_Cassidorus_Cassidorus	Cassidorus	Cassidorus			français 22549	7-154	1281-1320
btv1b52513516p_Helcanus_Helcanus	Helcanus	Helcanus			français 22549	154-266	1281-1320
btv1b52513332z_Pelyarmenus_Pelyarmenus	Pelyarmenus	Pelyarmenus			français 22550	7-105	1281-1320
btv1b52513332z_Kanor_Kanor	Kanor	Kanor			français 22550	105-333	1281-1320
btv1b9059284v_Huon-de-Bordeaux_Continuation-P-de-Huon-de-Bordeaux	Huon de Bordeaux	Continuation P de Huon de Bordeaux	verse		français 22555	187-252	1401-1500
btv1b9059284v_Lion-de-Bourges_Version-en-alexandrins	Lion de Bourges	Version en alexandrins	verse		français 22555	2-186	1401-1500
btv1b90631430_Sept-Sages-de-Rome_Sept-Sages-de-Rome	Sept Sages de Rome	Sept Sages de Rome	prose		français 22933	126-147	1251-1300
btv1b90639690_Galeran-de-Bretagne_Galeran-de-Bretagne	Galeran de Bretagne	Galeran de Bretagne			français 24042	3-108	1401-1500
btv1b9063751m_Auberi-le-Bourguignon_Auberi-le-Bourguignon	Auberi le Bourguignon	Auberi le Bourguignon	verse		français 24368	3-116	1298
btv1b60005272_Aimeri-de-Narbonne_Aimeri-de-Narbonne	Aimeri de Narbonne	Aimeri de Narbonne	verse		français 24369	9-61	1301-1320
btv1b60005272_Siege-de-Barbastre_Siege-de-Barbastre	Siege de Barbastre	Siege de Barbastre	verse		français 24369	238-320	1301-1320
btv1b60005272_Aliscans_Aliscans	Aliscans	Aliscans	verse		français 24369	401-492	1301-1320
btv1b60005272_Bataille-Loquifer_Bataille-Loquifer	Bataille Loquifer	Bataille Loquifer	verse		français 24369	492-538	1301-1320
btv1b60005272_enfances-Vivien_enfances-Vivien	enfances Vivien	enfances Vivien	verse		français 24369	230-238	1301-1320
btv1b60005272_Guibert-d-Andrenas_Guibert-d-Andrenas	Guibert d'Andrenas	Guibert d'Andrenas	verse		français 24369	322-349	1301-1320
btv1b60005272_chevalerie-Vivien_chevalerie-Vivien	chevalerie Vivien	chevalerie Vivien	verse		français 24369	379-401	1301-1320
btv1b60005272_departement-des-enfans-Aimeri_Version-C	departement des enfans Aimeri	Version C	verse		français 24369	61-66	1301-1320
btv1b60005272_enfances-Guillaume_enfances-Guillaume	enfances Guillaume	enfances Guillaume	verse		français 24369	67-109	1301-1320
btv1b60005272_Narbonnais_Narbonnais	Narbonnais	Narbonnais	verse		français 24369	109-157	1301-1320
btv1b60005272_couronnement-de-Louis_couronnement-de-Louis	couronnement de Louis	couronnement de Louis	verse		français 24369	157-188	1301-1320
btv1b60005272_charroi-de-Nimes_charroi-de-Nimes	charroi de Nimes	charroi de Nimes	verse		français 24369	189-206	1301-1320
btv1b60005272_prise-d-Orange_prise-d-Orange	prise d'Orange	prise d'Orange	verse		français 24369	206-230	1301-1320
btv1b9063185b_Bataille-Loquifer_Bataille-Loquifer	Bataille Loquifer	Bataille Loquifer	verse		français 24370	3-7	1301-1320
btv1b9063185b_moniage-Guillaume_Version-longue-en-vers-II-	moniage Guillaume	Version longue en vers (II)	verse		français 24370	169-190	1301-1320
btv1b9063185b_enfances-Renier_enfances-Renier	enfances Renier	enfances Renier	verse		français 24370	55-169	1301-1320
btv1b9063185b_moniage-Rainouart_moniage-Rainouart	moniage Rainouart	moniage Rainouart	verse		français 24370	7-9, 32-55	1301-1320
btv1b9063185b_mort-Aymeri-de-Narbonne_mort-Aymeri-de-Narbonne	mort Aymeri de Narbonne	mort Aymeri de Narbonne	verse		français 24370	9-32	1301-1320
btv1b90580821_Blancandin-et-l-Orgueilleuse-d-Amour_Version-longue-en-prose	Blancandin et l’Orgueilleuse d'Amour	Version longue en prose			français 24371	2-111	1401-1500
btv1b90592873_Charles-le-Chauve_Charles-le-Chauve	Charles le Chauve	Charles le Chauve	verse		français 24372	3-90	1301-1400
btv1b9063715r_Garin-le-Loherain_Version-en-décasyllabes	Garin le Loherain	Version en décasyllabes	verse		français 24377	4-179	1251-1275
btv1b90592784_roman-de-Florence-de-Rome_roman-de-Florence-de-Rome	roman de Florence de Rome	roman de Florence de Rome	verse		français 24384	215-262	1456
btv1b90592784_Florent-et-Octavien_Version-en-alexandrins	Florent et Octavien	Version en alexandrins	verse		français 24384	6-215	1456
btv1b9063108j_Renaut-de-Montauban_Renaut-de-Montauban	Renaut de Montauban	Renaut de Montauban	verse		français 24387	3-56	1281-1300
btv1b9009473c_L-Estoire-del-Saint-Graal_L-Estoire-del-Saint-Graal	L’Estoire del Saint Graal	L’Estoire del Saint Graal	prose		français 24394	13-229	1281-1290
btv1b10549436t_Ogier-le-Danois_Version-française-en-décasyllabes	Ogier le Danois	Version française en décasyllabes	verse		français 24403	359-572	1281-1300
btv1b10549436t_Garin-de-Monglane_Version-en-vers	Garin de Monglane	Version en vers	verse		français 24403	7-244, 575-582	1281-1300
btv1b9063721g_Cleomadés_Cleomadés	Cleomadés	Cleomadés			français 24404	2-170	1281-1400
btv1b9063721g_Berte-aus-grans-piés_Berte-aus-grans-piés	Berte aus grans piés	Berte aus grans piés	verse		français 24404	172-234	1281-1400
btv1b10033611r_Sept-Sages-de-Rome_Sept-Sages-de-Rome	Sept Sages de Rome	Sept Sages de Rome	prose		français 24431	77-95	1278-1300
btv1b90594352_L-Estoire-del-Saint-Graal_L-Estoire-del-Saint-Graal	L’Estoire del Saint Graal	L’Estoire del Saint Graal	prose		français 2455	2-343	1201-1300
btv1b9060526x_Raoul-de-Cambrai_Raoul-de-Cambrai	Raoul de Cambrai	Raoul de Cambrai	verse		français 2493	4-159	1201-1250
btv1b9059912s_Bataille-Loquifer_Bataille-Loquifer	Bataille Loquifer	Bataille Loquifer	verse		français 2494	171-222	1226-1250
btv1b9059912s_Aliscans_Aliscans	Aliscans	Aliscans	verse		français 2494	4-171	1226-1250
btv1b52500664w_Jehan-de-Lanson_Jehan-de-Lanson	Jehan de Lanson	Jehan de Lanson	verse		français 2495	9-138	1281-1300
btv1b52500664w_Aspremont_Aspremont	Aspremont	Aspremont			français 2495	139-278	1281-1300
btv1b9063366p_Otinel_Otinel	Otinel	Otinel			français 25408	109	1267
btv1b9063366p_Chanson-de-saint-Alexis_Chanson-de-saint-Alexis	Chanson de saint Alexis	Chanson de saint Alexis			français 25408	32-41	1267
btv1b60006868_Guilhem-de-Tudela_Canso-de-la-Crosada	Guilhem de Tudela	Canso de la Crosada	verse		français 25425	9-247	1271-1280
btv1b9058313t_venjance-Nostre-Seigneur_venjance-Nostre-Seigneur	venjance Nostre Seigneur	venjance Nostre Seigneur	verse		français 25439	109-148	1251-1300
btv1b84516032_Beuve-de-Hantone_Version-continentale-I	Beuve de Hantone	Version continentale I	verse		français 25516	7-156	1251-1300
btv1b84516032_Elie-de-Saint-Gilles_Elie-de-Saint-Gilles	Elie de Saint Gilles	Elie de Saint Gilles	verse		français 25516	157-196	1251-1300
btv1b84516032_Aiol_Aiol	Aiol	Aiol	verse		français 25516	197-351	1251-1300
btv1b9063679b_Folque-de-Candie_Folque-de-Candie	Folque de Candie	Folque de Candie	verse		français 25518	2-171	1201-1300
btv1b90075236_Aspremont_Aspremont	Aspremont	Aspremont			français 25529	4-95	1201-1300
btv1b9063357q_Sept-Sages-de-Rome_Sept-Sages-de-Rome	Sept Sages de Rome	Sept Sages de Rome	prose		français 25545	49-74	1316-1317
btv1b90606446_Aliscans_Aliscans	Aliscans	Aliscans			français 2861	206-207	1461-1470
btv1b10509662s_Tristan_Tristan-en-prose	Tristan	Tristan en prose	prose		français 334	9-706	1326-1350
btv1b105201147_Tristan_Tristan-en-prose	Tristan	Tristan en prose	prose		français 335	3-862	1400
btv1b90589416_Tristan_Tristan-en-prose	Tristan	Tristan en prose	prose		français 336	2-359	1400
btv1b8514424m_Guiron-le-courtois_Guiron-le-courtois	Guiron le courtois	Guiron le courtois			français 338	9-975	1380-1390
btv1b85144236_Meliadus_Meliadus	Meliadus	Meliadus	mixed		français 340	5-418	1401-1420
btv1b6000109r_L-Estoire-del-Saint-Graal_L-Estoire-del-Saint-Graal	L’Estoire del Saint Graal	L’Estoire del Saint Graal	prose		français 344	11-171	1295-1300
btv1b6000616m_Guiron-le-courtois_Guiron-le-courtois	Guiron le courtois	Guiron le courtois			français 350	295-742	1281-1420
btv1b6000616m_Meliadus_Meliadus	Meliadus	Meliadus	mixed		français 350	13-292	1281-1420
btv1b105380786_Lion-de-Bourges_Version-en-octosyllabes	Lion de Bourges	Version en octosyllabes	verse		français 351	7-521	1481-1520
btv1b85144251_Meliadus_Meliadus	Meliadus	Meliadus	mixed		français 355	7-105, 113-127	1301-1400
btv1b85144251_Ségurant-le-brun_Ségurant-le-brun	Ségurant le brun	Ségurant le brun			français 355	105-113	1301-1400
btv1b85144251_Ségurant-le-brun_Ségurant-le-brun-épisode-complémentaire	Ségurant le brun	Ségurant le brun, épisode complémentaire			français 355	127-131	1301-1400
btv1b85144251_Guiron-le-courtois_Guiron-le-courtois	Guiron le courtois	Guiron le courtois			français 355	135-795	1301-1400
btv1b8514422s_Guiron-le-courtois_Guiron-le-courtois	Guiron le courtois	Guiron le courtois			français 356	7-524	1441-1460
btv1b85275905_Guiron-le-courtois_Guiron-le-courtois	Guiron le courtois	Guiron le courtois			français 357	7-758	1441-1460
btv1b90600192_Partonopeus-de-Blois_Partonopeus-de-Blois	Partonopeus de Blois	Partonopeus de Blois			français 368	4-45	1301-1313
btv1b90600192_roman-d-Alexandre_Prise-de-Defur	roman d'Alexandre	Prise de Defur			français 368	126-128	1301-1313
btv1b90600192_roman-d-Alexandre_Voyage-d-Alexandre-au-Paradis-terrestre	roman d'Alexandre	Voyage d'Alexandre au Paradis terrestre			français 368	128-129	1301-1313
btv1b90600192_roman-d-Alexandre_La-signification-de-la-mort-Alexandre	roman d'Alexandre	La signification de la mort Alexandre			français 368	129-131	1301-1313
btv1b90600192_Saisnes_Saisnes	Saisnes	Saisnes	verse		français 368	131-152	1301-1313
btv1b90600192_Simon-de-Pouille_Version-longue	Simon de Pouille	Version longue	verse		français 368	152-175	1301-1313
btv1b90600192_couronnement-de-Louis_couronnement-de-Louis	couronnement de Louis	couronnement de Louis	verse		français 368	175-177	1301-1313
btv1b90600192_charroi-de-Nimes_charroi-de-Nimes	charroi de Nimes	charroi de Nimes	verse		français 368	177-181	1301-1313
btv1b90600192_prise-d-Orange_prise-d-Orange	prise d'Orange	prise d'Orange	verse		français 368	181-187	1301-1313
btv1b90600192_enfances-Vivien_enfances-Vivien	enfances Vivien	enfances Vivien	verse		français 368	187-199	1301-1313
btv1b90600192_chevalerie-Vivien_chevalerie-Vivien	chevalerie Vivien	chevalerie Vivien	verse		français 368	199-205	1301-1313
btv1b90600192_Aliscans_Aliscans	Aliscans	Aliscans	verse		français 368	205-234	1301-1313
btv1b90600192_Bataille-Loquifer_Bataille-Loquifer	Bataille Loquifer	Bataille Loquifer	verse		français 368	234-248	1301-1313
btv1b90600192_moniage-Rainouart_moniage-Rainouart	moniage Rainouart	moniage Rainouart	verse		français 368	248-278	1301-1313
btv1b90600192_moniage-Guillaume_Version-longue-en-vers-II-	moniage Guillaume	Version longue en vers (II)	verse		français 368	278-296	1301-1313
btv1b90600192_Anseïs-de-Carthage_Anseïs-de-Carthage	Anseïs de Carthage	Anseïs de Carthage			français 368	296-301	1301-1313
btv1b90600192_roman-d-Alexandre_roman-d-Alexandre	roman d'Alexandre	roman d'Alexandre			français 368	46-98	1301-1313
btv1b90600192_Vœux-du-Paon_Vœux-du-Paon	Vœux du Paon	Vœux du Paon			français 368	99-126	1301-1313
btv1b10510319x_Blancandin-et-l-Orgueilleuse-d-Amour_Blancandin-et-l-Orgueilleuse-d-Amour	Blancandin et l’Orgueilleuse d'Amour	Blancandin et l’Orgueilleuse d'Amour	verse		français 375	520-545	1288
btv1b10510319x_Amadas-et-Ydoine_Amadas-et-Ydoine	Amadas et Ydoine	Amadas et Ydoine			français 375	639-674	1288
btv1b10029497r_Récit-apocryphe-de-la-formation-d-Adam_Récit-apocryphe-de-la-formation-d-Adam	Récit apocryphe de la formation d'Adam	Récit apocryphe de la formation d'Adam	prose		français 402	46-47	1481-1500
btv1b52506756t_Récit-apocryphe-de-la-formation-d-Adam_Récit-apocryphe-de-la-formation-d-Adam	Récit apocryphe de la formation d'Adam	Récit apocryphe de la formation d'Adam	prose		français 461	268-269	1401-1500
btv1b9059486c_Anseïs-de-Gascogne_Anseïs-de-Gascogne	Anseïs de Gascogne	Anseïs de Gascogne			français 4988	177-305	1201-1300
btv1b9059486c_Garin-le-Loherain_Version-en-décasyllabes	Garin le Loherain	Version en décasyllabes	verse		français 4988	7-107	1201-1300
btv1b9059486c_Gerbert-de-Metz_Gerbert-de-Metz	Gerbert de Metz	Gerbert de Metz	verse		français 4988	107-176	1201-1300
btv1b9007463c_Sept-Sages-de-Rome_Sept-Sages-de-Rome	Sept Sages de Rome	Sept Sages de Rome	verse		français 5036	46-80	1451-1500
btv1b9007234z_Sept-Sages-de-Rome_Sept-Sages-de-Rome	Sept Sages de Rome	Sept Sages de Rome	prose		français 5586	97-129	1477
btv1b9059154c_Sept-Sages-de-Rome_Sept-Sages-de-Rome	Sept Sages de Rome	Sept Sages de Rome	prose		français 573	198-245	1401-1460
btv1b10023009b_Roman-d-Énéas_Roman-d-Énéas	Roman d’Énéas	Roman d’Énéas	verse		français 60	305-382	1313-1349
btv1b10023009b_roman-de-Thebes_roman-de-Thebes	roman de Thebes	roman de Thebes			français 60	11-91	1313-1349
btv1b10023009b_roman-de-Troie_roman-de-Troie	roman de Troie	roman de Troie			français 60	93-303	1313-1349
btv1b52503704t_L-Estoire-del-Saint-Graal_L-Estoire-del-Saint-Graal	L’Estoire del Saint Graal	L’Estoire del Saint Graal	prose		français 747	11-163	1231-1250
btv1b9058903h_L-Estoire-del-Saint-Graal_L-Estoire-del-Saint-Graal	L’Estoire del Saint Graal	L’Estoire del Saint Graal	prose		français 749	3-125	1281-1290
btv1b10509725v_Tristan_Tristan-en-prose	Tristan	Tristan en prose	prose		français 750	5-636	1272
btv1b52503108b_Tristan_Tristan-en-prose	Tristan	Tristan en prose	prose		français 755	8-327	1320-1330
btv1b105103171_Tristan_Tristan-en-prose	Tristan	Tristan en prose	prose		français 756	11-540	1381-1400
btv1b10510339r_Tristan_Tristan-en-prose	Tristan	Tristan en prose	prose		français 757	9-534	1381-1400
btv1b105103154_Tristan_Tristan-en-prose	Tristan	Tristan en prose	prose		français 758	9-292	1251-1400
btv1b9059380j_Tristan_Tristan-en-prose	Tristan	Tristan en prose	prose		français 759	4-93	1251-1300
btv1b105097608_Tristan_Tristan-en-prose	Tristan	Tristan en prose	prose		français 760	9-261	1281-1320
btv1b90599774_Renaut-de-Montauban_Renaut-de-Montauban	Renaut de Montauban	Renaut de Montauban	verse		français 764	6-236	1440
btv1b9059956z_mort-de-Maugis_mort-de-Maugis	mort de Maugis	mort de Maugis	verse		français 766	186-195	1296-1305
btv1b9059956z_Maugis-d-Aigremont_Version-en-vers	Maugis d'Aigremont	Version en vers	verse		français 766	5-62	1296-1305
btv1b9059956z_Renaut-de-Montauban_Renaut-de-Montauban	Renaut de Montauban	Renaut de Montauban	verse		français 766	63-186	1296-1305
btv1b9059217f_L-Estoire-del-Saint-Graal_L-Estoire-del-Saint-Graal	L’Estoire del Saint Graal	L’Estoire del Saint Graal	prose		français 770	3-123	1281-1290
btv1b9059153z_Tristan_Tristan-en-prose	Tristan	Tristan en prose	prose		français 772	3-435	1281-1300
btv1b9060553t_moniage-Rainouart_moniage-Rainouart	moniage Rainouart	moniage Rainouart	verse		français 774	152-191	1251-1300
btv1b9060553t_moniage-Guillaume_Version-longue-en-vers-II-	moniage Guillaume	Version longue en vers (II)	verse		français 774	191-231	1251-1300
btv1b9060553t_couronnement-de-Louis_couronnement-de-Louis	couronnement de Louis	couronnement de Louis	verse		français 774	23-38	1251-1300
btv1b9060553t_enfances-Guillaume_enfances-Guillaume	enfances Guillaume	enfances Guillaume	verse		français 774	4-23	1251-1300
btv1b9060553t_charroi-de-Nimes_charroi-de-Nimes	charroi de Nimes	charroi de Nimes	verse		français 774	38-47	1251-1300
btv1b9060553t_prise-d-Orange_prise-d-Orange	prise d'Orange	prise d'Orange	verse		français 774	47-58	1251-1300
btv1b9060553t_enfances-Vivien_enfances-Vivien	enfances Vivien	enfances Vivien	verse		français 774	58-76	1251-1300
btv1b9060553t_chevalerie-Vivien_chevalerie-Vivien	chevalerie Vivien	chevalerie Vivien	verse		français 774	76-86	1251-1300
btv1b9060553t_Aliscans_Aliscans	Aliscans	Aliscans	verse		français 774	86-104	1251-1300
btv1b9060553t_Folque-de-Candie_Folque-de-Candie	Folque de Candie	Folque de Candie	verse		français 774	105-152, 231-233	1251-1300
btv1b90599544_Renaut-de-Montauban_Renaut-de-Montauban	Renaut de Montauban	Renaut de Montauban	verse		français 775	2-113	1291-1310
btv1b6000110d_Tristan_Tristan-en-prose	Tristan	Tristan en prose	prose		français 776	9-590	1285-1290
btv1b9059530b_Folque-de-Candie_Folque-de-Candie	Folque de Candie	Folque de Candie	verse		français 778	175-282	1301-1325
btv1b9059530b_Berte-aus-grans-piés_Berte-aus-grans-piés	Berte aus grans piés	Berte aus grans piés	verse		français 778	5-28	1301-1325
btv1b9059530b_Charlemagne_Charlemagne	Charlemagne	Charlemagne	verse		français 778	28-175	1301-1325
btv1b9058124x_Chevalier-au-cygne_Première-version-en-prose	Chevalier au cygne	Première version en prose	prose		français 781	2-65	1295-1305
btv1b9059134m_Roman-d-Énéas_Roman-d-Énéas	Roman d’Énéas	Roman d’Énéas	verse		français 784	71-121	1281-1320
btv1b52517821c_chanson-d-Antioche_	chanson d'Antioche		verse		français 786	326-423	1268
btv1b52517821c_Conqueste-de-Jerusalem_Conqueste-de-Jerusalem	Conqueste de Jerusalem	Conqueste de Jerusalem	verse		français 786	241-282	1268
btv1b52517821c_Chevalier-au-cygne_Première-version-en-vers	Chevalier au cygne	Première version en vers	verse		français 786	97-168	1268
btv1b8419243k_Naissance-du-chevalier-au-cygne--Beatrix-_Naissance-du-chevalier-au-cygne-Beatrix-	Naissance du chevalier au cygne (Beatrix)	Naissance du chevalier au cygne (Beatrix)			français 795	29-59	1251-1300
btv1b8419243k_Conqueste-de-Jerusalem_Conqueste-de-Jerusalem	Conqueste de Jerusalem	Conqueste de Jerusalem	verse		français 795	337-520	1251-1300
btv1b8419243k_Chevalier-au-cygne_Première-version-en-vers	Chevalier au cygne	Première version en vers	verse		français 795	12	1251-1300
btv1b8419243k_chanson-d-Antioche_	chanson d'Antioche		verse		français 795	204-337	1251-1300
btv1b9058183s_Aimeri-de-Narbonne_prose-Guillaume-d-Orange-1401-1500	Aimeri de Narbonne	prose: Guillaume d'Orange, 1401-1500	prose	translation or rewriting	français 796	4-375	1451-1500
btv1b55013464t_Lai-de-l-Ombre_Lai-de-l-Ombre	Lai de l’Ombre	Lai de l’Ombre	verse		français 837	89-98	1278-1280
btv1b90596061_Bertrand-du-Guesclin_Bertrand-du-Guesclin	Bertrand du Guesclin	Bertrand du Guesclin	verse		français 850	5-289	1401-1500
btv1b90599848_Auberi-le-Bourguignon_Auberi-le-Bourguignon	Auberi le Bourguignon	Auberi le Bourguignon	verse		français 859	4-215	1201-1300
btv1b104658206_Jourdain-de-Blaye_Version-décasyllabique	Jourdain de Blaye	Version décasyllabique	verse		français 860	233-277	1260-1290
btv1b104658206_Auberi-le-Bourguignon_Auberi-le-Bourguignon	Auberi le Bourguignon	Auberi le Bourguignon	verse		français 860	278-562	1260-1290
btv1b104658206_Roland_Version-de-Paris	Roland	Version de Paris	verse		français 860	13-84	1260-1290
btv1b104658206_Gaydon_Gaydon	Gaydon	Gaydon	verse		français 860	85-196	1260-1290
btv1b104658206_Ami-et-Amile--Version-continentale-en-décasyllabes-_Ami-et-Amile-Version-continentale-en-décasyllabes-	Ami et Amile (Version continentale en décasyllabes)	Ami et Amile (Version continentale en décasyllabes)			français 860	197-233	1260-1290
btv1b9060848j_L-Estoire-del-Saint-Graal_L-Estoire-del-Saint-Graal	L’Estoire del Saint Graal	L’Estoire del Saint Graal	prose		français 9123	5-98	1315-1335
btv1b525128401_Sept-Sages-de-Rome_Sept-Sages-de-Rome	Sept Sages de Rome	Sept Sages de Rome	prose		français 93	7-39	1466
btv1b9059584w_Tristan_Tristan-en-prose	Tristan	Tristan en prose	prose		français 94	2-407	1301-1325
btv1b6000108b_L-Estoire-del-Saint-Graal_L-Estoire-del-Saint-Graal	L’Estoire del Saint Graal	L’Estoire del Saint Graal	prose		français 95	9-234	1290-1300
btv1b6000108b_Sept-Sages-de-Rome_Sept-Sages-de-Rome	Sept Sages de Rome	Sept Sages de Rome	prose		français 95	717-767	1290-1300
btv1b10544596z_L-Estoire-del-Saint-Graal_L-Estoire-del-Saint-Graal	L’Estoire del Saint Graal	L’Estoire del Saint Graal	prose		français 96	7-126	1450-1460
btv1b90590845_Tristan_Tristan-en-prose	Tristan	Tristan en prose	prose		français 97	2-563	1401-1425
btv1b9059081x_L-Estoire-del-Saint-Graal_L-Estoire-del-Saint-Graal	L’Estoire del Saint Graal	L’Estoire del Saint Graal	prose		français 98	3-135	1450
btv1b52503846r_Tristan_Tristan-en-prose	Tristan	Tristan en prose	prose		français 99	5-1392	1463
btv1b52500695k_Aspremont_Aspremont	Aspremont	Aspremont			nouvelles acquisitions françaises 10039	7-275	1241-1260
btv1b10085444t_Theseus-de-Cologne_Version-en-alexandrins	Theseus de Cologne	Version en alexandrins	verse		nouvelles acquisitions françaises 10060	5-410	1401-1500
btv1b105326322_Lai-de-l-Ombre_Lai-de-l-Ombre	Lai de l’Ombre	Lai de l’Ombre	verse		nouvelles acquisitions françaises 1104	110-124	1281-1300
btv1b530121530_Sept-Sages-de-Rome_Sept-Sages-de-Rome	Sept Sages de Rome	Sept Sages de Rome	prose		nouvelles acquisitions françaises 13521	569-627	1281-1300
btv1b100847096_Orson-de-Beauvais_Orson-de-Beauvais	Orson de Beauvais	Orson de Beauvais	verse		nouvelles acquisitions françaises 16600	3-62	1281-1300
btv1b100738410_Folque-de-Candie_Folque-de-Candie	Folque de Candie	Folque de Candie	verse		nouvelles acquisitions françaises 18217	2-4	1201-1220
btv1b6000416x_Perceval-de-Didot_Perceval-de-Didot	Perceval de Didot	Perceval de Didot			nouvelles acquisitions françaises 4166	197-258	1301-1400
btv1b53000321m_Daurel-et-Beton_Daurel-et-Beton	Daurel et Beton	Daurel et Beton	verse		nouvelles acquisitions françaises 4232	160-232	1301-1400
btv1b10090071s_Beuve-de-Hantone_Version-anglo-normande	Beuve de Hantone	Version anglo-normande	verse		nouvelles acquisitions françaises 4532	70-84	1301-1400
btv1b90601825_Aimeri-de-Narbonne_prose-Chronique-de-France	Aimeri de Narbonne	prose: Chronique de France	prose	translation or rewriting	nouvelles acquisitions françaises 5003	3-378	1481-1520
btv1b6000371s_Mainet_	Mainet		verse		nouvelles acquisitions françaises 5094	7-18	1201-1400
btv1b6000371s_couronnement-de-Louis_couronnement-de-Louis	couronnement de Louis	couronnement de Louis	verse		nouvelles acquisitions françaises 5094	87-88	1201-1400
btv1b6000371s_Otinel_Otinel	Otinel	Otinel	verse		nouvelles acquisitions françaises 5094	19-22	1201-1400
btv1b6000371s_Aspremont_Aspremont	Aspremont	Aspremont			nouvelles acquisitions françaises 5094	23	1201-1400
btv1b10089846m_Roland_Fragment-Michelant	Roland	Fragment Michelant	verse		nouvelles acquisitions françaises 5237	24-27	1201-1400
btv1b550063539_Meliadus_Meliadus	Meliadus	Meliadus	mixed		nouvelles acquisitions françaises 5243	7-190	1370-1380
btv1b10073773r_departement-des-enfans-Aimeri_Version-C	departement des enfans Aimeri	Version C	verse		nouvelles acquisitions françaises 6298	3-6	1201-1300
btv1b10073773r_Guibert-d-Andrenas_Guibert-d-Andrenas	Guibert d'Andrenas	Guibert d'Andrenas	verse		nouvelles acquisitions françaises 6298	27-31	1201-1300
btv1b10073773r_mort-Aymeri-de-Narbonne_mort-Aymeri-de-Narbonne	mort Aymeri de Narbonne	mort Aymeri de Narbonne	verse		nouvelles acquisitions françaises 6298	32-35	1201-1300
btv1b10073773r_Siege-de-Barbastre_Siege-de-Barbastre	Siege de Barbastre	Siege de Barbastre	verse		nouvelles acquisitions françaises 6298	7-13, 14-18	1201-1300
btv1b6000417b_Tristan_Tristan-en-prose	Tristan	Tristan en prose	prose		nouvelles acquisitions françaises 6579	7-465	1281-1300
btv1b6000370c_charroi-de-Nimes_charroi-de-Nimes	charroi de Nimes	charroi de Nimes	verse		nouvelles acquisitions françaises 934	8-9	1201-1600
btv1b6000370c_Chanson-de-saint-Alexis_Chanson-de-saint-Alexis	Chanson de saint Alexis	Chanson de saint Alexis			nouvelles acquisitions françaises 934	61-65	1201-1600
btv1b6000370c_Aliscans_Aliscans	Aliscans	Aliscans	verse	fragment	nouvelles acquisitions françaises 934	11-18	1201-1600
btv1b52513424t_Garin-de-Monglane_Version-en-vers	Garin de Monglane	Version en vers			nouvelles acquisitions latines 2381	86-89	1201-1300
bpt6k8713300j_Galien-le-restoré_Version-en-prose-2	Galien le restoré	Version en prose 2	prose		 	13-247	1500
bpt6k8713143m_Valentin-et-Orson_Mise-en-prose-du-XVe-siècle	Valentin et Orson	Mise en prose du XVe siècle	prose		 	8-277	1489
